id,created_at,retweet_count,favorite_count,verified,botScore,Number of caps ratio,Number of Exclamations,Tweet,URLs,Fake or Not
972395179679285248,2018-03-10 08:54:11,14,0,0,0.25,0.1310344827586207,0,"RT @officialEIHL: üìä STANDINGS

Here are the latest standings as we prepare for another big weekend of action.
Today could see Sheffield Ste‚Ä¶",[],1
971330128671330304,2018-03-07 10:22:03,9,0,0,0.25,0.028169014084507043,0,RT @edcapitals: Massively deserved recognition for  fans of the Caps and all those from around the league who recognised the achievement of‚Ä¶,[],1
971330082995400704,2018-03-07 10:21:52,10,0,0,0.25,0.07407407407407407,1,"RT @calyrobo20: Thanks so much to all the fans especially the @EdCapsSC for voting for me, unreal support! üôå https://t.co/w9IkD7165B",['https://t.co/w9IkD7165B'],1
970964213693865985,2018-03-06 10:08:02,1,0,0,0.25,0.17791411042944785,0,"RT @officialEIHL: TODAY:
üèÜEIHL
üèí Fife Flyers üÜö Edinburgh Capitals
üï∞ 7.30pm
üìçFife Ice Arena
üéü https://t.co/qryqDD8Et2
üñ• https://t.co/ROXvf1Q‚Ä¶","['https://t.co/qryqDD8Et2', 'https://t.co/ROXvf1Q\xe2\x80\xa6']",1
970713639496896514,2018-03-05 17:32:21,1,3,0,0.25,0.21739130434782608,0,https://t.co/uROcuU5BzN,['https://t.co/uROcuU5BzN'],1
970328354007257088,2018-03-04 16:01:22,0,2,0,0.25,0.08620689655172414,0,Valeyev icing as a defenceman üëÄ https://t.co/gLzidINgkO,['https://t.co/gLzidINgkO'],1
968557480476372994,2018-02-27 18:44:32,1,1,0,0.25,0.10526315789473684,1,"What do you think of my Salmon Minestrone @GordonRamsay
Made from your masterclass recipe! https://t.co/SQHtnVoTtH",['https://t.co/SQHtnVoTtH'],1
968170580427067392,2018-02-26 17:07:08,0,0,0,0.25,0.3125,0,Hahahaha https://t.co/ZFQPJJXUhF,['https://t.co/ZFQPJJXUhF'],1
965926305643618304,2018-02-20 12:29:11,2,2,0,0.25,0.07692307692307693,0,"Heavy loss the other night 

https://t.co/8RsJwHvw66",['https://t.co/8RsJwHvw66'],1
965636216896057346,2018-02-19 17:16:29,0,1,0,0.25,0.14634146341463414,0,It's gonna happen https://t.co/sp8FSkERGi,['https://t.co/sp8FSkERGi'],1
965310197290930177,2018-02-18 19:41:00,679,0,0,0.25,0.20634920634920634,2,"RT @NHLFlyers: Congrats, Captain!! üéâ https://t.co/11SGGHF3aw",['https://t.co/11SGGHF3aw'],1
965307498403106816,2018-02-18 19:30:16,1,1,0,0.25,0.09523809523809523,0,D'Orazio back (again),[],1
965306607914582016,2018-02-18 19:26:44,0,0,0,0.25,0.057971014492753624,0,Welp just as I said it D'Orazio is off again after taking a heavy hit,[],1
965305907298078720,2018-02-18 19:23:57,0,1,0,0.25,0.06896551724137931,0,D'Orazio back out and is okay,[],1
965295627184889857,2018-02-18 18:43:06,1,1,0,0.25,0.09523809523809523,0,Says it all really https://t.co/pbuOokYc8N,['https://t.co/pbuOokYc8N'],1
965291852277665792,2018-02-18 18:28:06,0,1,0,0.25,0.03333333333333333,0,"4-0 Cardiff, it's getting ugly",[],1
965289743847186433,2018-02-18 18:19:43,2,0,0,0.25,0.046511627906976744,0,"2-0 Cardiff, really missing Beskorowany now",[],1
965289476128944128,2018-02-18 18:18:39,0,0,0,0.25,0.10638297872340426,0,They've put A.Robertson-Podzins-Moisio together,[],1
965289058997096449,2018-02-18 18:17:00,0,1,0,0.25,0.030303030303030304,0,"Barrage of chances for the Caps after Cardiff score their goal, showing real creative passing there",[],1
965287467082493958,2018-02-18 18:10:40,0,0,0,0.25,0.1111111111111111,0,*Forshall,[],1
965287396899282944,2018-02-18 18:10:24,0,0,0,0.25,0.031746031746031744,0,"Beskorowany has been replaced by Forshaw, possible injury there",[],1
965283118549733376,2018-02-18 17:53:24,0,2,0,0.25,0.03529411764705882,0,"Quite a packed house here at Murrayfield, perhaps sparked by that win against Belfast",[],1
965278854733590529,2018-02-18 17:36:27,0,0,0,0.25,0.11666666666666667,0,STAT: Cardiff's PP is the best ranked in the league at 28.5%,[],1
965277528444334081,2018-02-18 17:31:11,3,0,0,0.25,0.16216216216216217,0,RT @edcapitals: And Forshall dresses tonight. üëç https://t.co/YLPX9IVKFq,['https://t.co/YLPX9IVKFq'],1
965276761197105153,2018-02-18 17:28:08,0,1,0,0.25,0.1506849315068493,0,Teams warming up while I listen to the @NHLFlyers https://t.co/z0MwXIEZfs,['https://t.co/z0MwXIEZfs'],1
965275262597369856,2018-02-18 17:22:11,1,0,0,0.25,0.05714285714285714,0,"RT @edcapitals: Your line up tonight will see Banashkov, Ireland, Boyd and King miss out through injury. Grigors dresses tonight. ‚ù§ü¶Å‚ù§",[],1
965133710734561286,2018-02-18 07:59:42,1,3,0,0.25,0.09615384615384616,0,What a big away win for them https://t.co/zKNjd84aPK,['https://t.co/zKNjd84aPK'],1
964872623908847621,2018-02-17 14:42:14,0,2,0,0.25,0.041666666666666664,0,@Matt_Journalist I wonder why those cameramen get to call the game? ü§î,[],1
964861085269577729,2018-02-17 13:56:23,0,0,0,0.25,0.07142857142857142,0,Did...did Mike Milbury just compare Kovalchuck to Ovechkin? That's just obscene üò°,[],1
964406417393254400,2018-02-16 07:49:42,16,0,0,0.25,0.056338028169014086,0,"RT @StephaliciousD: If you're a woman who loves hockey and wants to connect with other women who love hockey, come hang out with @BroadStHo‚Ä¶",[],1
964087756115804160,2018-02-15 10:43:27,1,1,0,0.25,0.08860759493670886,0,"UK Hockey twitter, who do you think the most dominant EIHL player is right now?",[],1
964083540718743552,2018-02-15 10:26:42,2,1,0,0.25,0.07368421052631578,1,"It was a pleasure to be on @FreshAirSport yesterday, thank you for having me on! @FreshAirRadio",[],1
963102521094037508,2018-02-12 17:28:29,1,1,0,0.25,0.09230769230769231,2,"Lo and behold! An article about the NHL!

https://t.co/uug0rzkjCu",['https://t.co/uug0rzkjCu'],1
962820707423006720,2018-02-11 22:48:39,1,1,0,0.25,0.11904761904761904,0,"Caps lose to Fife

https://t.co/ow9y0RlKgH",['https://t.co/ow9y0RlKgH'],1
962820626963714048,2018-02-11 22:48:20,2,0,0,0.25,0.09243697478991597,0,RT @TheStudentSport: .@DrewMeyerHockey was at the @edcapitals game tonight here‚Äôs the report: https://t.co/zNllmXM11i,['https://t.co/zNllmXM11i'],1
962785652306825218,2018-02-11 20:29:21,0,1,0,0.25,0.05555555555555555,0,D'Orazio's powerplay goal waived off,[],1
962779148539301890,2018-02-11 20:03:31,0,0,0,0.25,0.027777777777777776,0,"This isn't the first time Danick Gauthier has been the giver of a questionable hit, real dirty player, he is",[],1
962706477948522496,2018-02-11 15:14:45,1,1,0,0.25,0.07462686567164178,0,Well this is interesting for the first line https://t.co/jjnTfJqMbR,['https://t.co/jjnTfJqMbR'],1
962651613222637568,2018-02-11 11:36:44,0,0,0,0.25,0.14285714285714285,0,The....Flyers?,[],1
961006396211855361,2018-02-06 22:39:14,0,7,0,0.25,0.06382978723404255,0,"@Matt_Journalist @geoffschwartz That is absolutely fantastic, Doug has won me over and my god this team is so easy‚Ä¶ https://t.co/IUeC1WT95c",['https://t.co/IUeC1WT95c'],1
960456012208754688,2018-02-05 10:12:12,34,0,0,0.25,0.13380281690140844,0,RT @officialEIHL: Details of the format for the 2018 Elite League Playoffs have been confirmed: https://t.co/qXHmhPNkhW https://t.co/QB6BnS‚Ä¶,"['https://t.co/qXHmhPNkhW', 'https://t.co/QB6BnS\xe2\x80\xa6']",1
960353384447598593,2018-02-05 03:24:24,45434,0,0,0.25,0.34615384615384615,1,"RT @Eagles: WE DID IT, PHILLY!

#SBLII | #FlyEaglesFly https://t.co/rxcgUQnF2n",['https://t.co/rxcgUQnF2n'],1
960348496770584576,2018-02-05 03:04:58,1,1,0,0.25,0.8636363636363636,0,BRANDON GRAHAM YOU GOD,[],1
960327468279312384,2018-02-05 01:41:25,8,0,0,0.25,0.2,0,RT @StephaliciousD: Folks. https://t.co/yUTmn7lGIM,['https://t.co/yUTmn7lGIM'],1
959891277927075840,2018-02-03 20:48:09,0,1,0,0.25,0.075,0,@StephaliciousD Nolan is a god among men,[],1
959851024835055616,2018-02-03 18:08:12,0,0,0,0.25,0.1,0,Sanheim &gt; Manning,[],1
959387848431501312,2018-02-02 11:27:42,1,1,0,0.25,0.09090909090909091,0,"Ahhh, Wing Bowl Day, a fantastic Philadelphia tradition",[],1
959220715512848385,2018-02-02 00:23:34,0,1,0,0.25,0.05,0,Mr. Lyon please don't scare me like that,[],1
959123288592207873,2018-02-01 17:56:26,0,0,0,0.25,0.07042253521126761,0,@PremLeaguePanel could maybe benefit from a Tammy Abraham type of move?,[],1
959121798481743873,2018-02-01 17:50:31,0,2,0,0.25,0.058823529411764705,0,"@PremLeaguePanel I don't think Solanke is as bad as some people think, just needs to grow into the Premier League a bit",[],1
957991788521971719,2018-01-29 15:00:15,0,1,0,0.25,0.07092198581560284,0,"I'd shift Vorobyev onto PP1 as well and have him as a net front presence along with Cazzola as the main playmaker,‚Ä¶ https://t.co/IQgMsqPBjs",['https://t.co/IQgMsqPBjs'],1
957991237608460293,2018-01-29 14:58:04,1,1,0,0.25,0.06338028169014084,0,"My ideal Capitals line combinations (given everyone is healthy):

Banashkov - Podzins - Cazzola
Vorobyev - Anderson‚Ä¶ https://t.co/zaHVksa51s",['https://t.co/zaHVksa51s'],1
957982418933370881,2018-01-29 14:23:01,0,0,0,0.25,0.12307692307692308,0,"@RobMcGregor35 Especially in a smaller league like the EIHL, yeah",[],1
957980905238335489,2018-01-29 14:17:00,0,0,0,0.25,0.05172413793103448,0,@RobMcGregor35 also if they believe in advanced stats üòÇ,[],1
957978785080586243,2018-01-29 14:08:35,0,0,0,0.25,0.07042253521126761,0,"@RobMcGregor35 I'm a bit skeptical of PDO cause what it really measures is luck based on how hot a goalie is, and g‚Ä¶ https://t.co/qlitmAqKWw",['https://t.co/qlitmAqKWw'],1
957977291824533504,2018-01-29 14:02:39,0,0,0,0.25,0.09154929577464789,0,"@RobMcGregor35 @officialEIHL That's why it's so difficult to write about talent evaluation in the EIHL sometimes, y‚Ä¶ https://t.co/O0nz8zxw5x",['https://t.co/O0nz8zxw5x'],1
957975652505980929,2018-01-29 13:56:08,1,0,0,0.25,0.09401709401709402,0,If @officialEIHL had Corsi stats available it wouldn't surprise me at all if Sergei Banashkov led the Capitals in CF%,[],1
957721416396308480,2018-01-28 21:05:53,1,3,0,0.25,0.1206896551724138,0,"They just didn't have it tonight 

https://t.co/z0UU26MEBT",['https://t.co/z0UU26MEBT'],1
957706766023786496,2018-01-28 20:07:41,0,1,0,0.25,0.029411764705882353,0,"To their credit the Caps have crawled back in this game, but they are just no match for Dundee's speed",[],1
957695790302023680,2018-01-28 19:24:04,0,1,0,0.25,0.07692307692307693,0,"Hey NHL Mascot people, can someone please explain to me what the @DallasStars mascot is? It's scaring me",[],1
957694557768085506,2018-01-28 19:19:10,0,1,0,0.25,0.018518518518518517,0,"This next pp is crucial for the caps, they need a goal",[],1
957683745892503552,2018-01-28 18:36:12,0,0,0,0.25,0.05555555555555555,0,"The Caps just look deflated tonight, really Really bad",[],1
957678716322279424,2018-01-28 18:16:13,0,1,0,0.25,0.008928571428571428,0,"Vorobyev just straight up avoided finishing through a check 
^the problem when you sign a player who's almost 40",[],1
957677229466669056,2018-01-28 18:10:18,0,1,0,0.25,0.011494252873563218,0,Dundee are playing the 1-3-1 trap and this does not bode well for caps off zone entries,[],1
957674989142069248,2018-01-28 18:01:24,1,1,0,0.25,0.016129032258064516,0,Edinburgh making me feel at home with the fans booing the refs,[],1
957665587567714305,2018-01-28 17:24:03,0,1,0,0.25,0.0761904761904762,0,It's funny how similar Dundee's jerseys look to those NY Rangers outdoor sweaters https://t.co/O78Q0brRf2,['https://t.co/O78Q0brRf2'],1
957663609139679233,2018-01-28 17:16:11,1,3,0,0.25,0.03508771929824561,0,"Calgary Flames have placed Jagr on waivers to terminate his contact so he can play in Europe
@edcapitals get on it",[],1
957661241614438401,2018-01-28 17:06:47,0,0,0,0.25,0.047058823529411764,0,@edcapitals Honestly I wouldn't be upset with Banashkov there instead of Vorobyev too,[],1
957659895960043521,2018-01-28 17:01:26,1,1,0,0.25,0.04225352112676056,0,"Looking at the @edcapitals lineup tonight and it's same as always...just feel they need to shift their lines a bit,‚Ä¶ https://t.co/4jBKCN7ecH",['https://t.co/4jBKCN7ecH'],1
957021858318168064,2018-01-26 22:46:06,0,1,0,0.25,0.10638297872340426,0,@StephaliciousD @BILLadelphia1 yes indeed this is the same Jay Rosehill formerly of the hockey team the Flyers. Or‚Ä¶ https://t.co/AdD8qpOfXC,['https://t.co/AdD8qpOfXC'],1
956442871409803264,2018-01-25 08:25:25,0,0,0,0.25,0.08955223880597014,0,"@BSH_Radio Theoretically, when should that Frost character be here?",[],1
956194725148741634,2018-01-24 15:59:22,0,0,0,0.25,0.08450704225352113,0,"@StephaliciousD Of course we want the team playing well but seeing Travis would be best, unfortunate it's not happe‚Ä¶ https://t.co/KReTdNLJCM",['https://t.co/KReTdNLJCM'],1
956194424698081280,2018-01-24 15:58:10,0,1,0,0.25,0.03225806451612903,0,Attention ladies and gentlemen the hockey team the Flyers are third in the metro. That is all,[],1
955796799033364480,2018-01-23 13:38:09,0,0,0,0.25,0.1388888888888889,0,üëÄüëÄüëÄ https://t.co/FZD2DshlWi,['https://t.co/FZD2DshlWi'],1
955494095014768640,2018-01-22 17:35:19,0,1,0,0.25,0.07692307692307693,0,@Matt_Journalist Disclaimer: not myself,[],1
955493990320758784,2018-01-22 17:34:54,0,0,0,0.25,0.05102040816326531,0,@Matt_Journalist The only negative is that if the #Eagles win Philly fans may set the city on fire,[],1
955326882068750336,2018-01-22 06:30:52,0,2,0,0.25,0.17307692307692307,0,Bring it on @Matt_Journalist https://t.co/vaCXNJSfhB,['https://t.co/vaCXNJSfhB'],1
955187696472940556,2018-01-21 21:17:48,1,1,0,0.25,0.09523809523809523,0,"Caps didn't look very good tonight ...

https://t.co/qHAu8UICec",['https://t.co/qHAu8UICec'],1
955187573164593155,2018-01-21 21:17:18,2,0,0,0.25,0.13333333333333333,0,RT @TheStudentSport: .@DrewMeyerHockey was at the #EIHL @edcapitals game tonight. His take here: https://t.co/40kUn7QVrp,['https://t.co/40kUn7QVrp'],1
955154668476338178,2018-01-21 19:06:33,0,1,0,0.25,0.0,0,3-1 now,[],1
955153968560295938,2018-01-21 19:03:46,0,0,0,0.25,0.043478260869565216,0,"Surprisingly soft goal let in by Beskorowany there, 1-2 Sheffield now",[],1
955151906405584896,2018-01-21 18:55:35,0,1,0,0.25,0.020833333333333332,0,"That goal was coming for a while, caps need to be better, Sheffield getting all the chances here",[],1
955151224386588673,2018-01-21 18:52:52,1,1,0,0.25,0.05263157894736842,0,Beskorowany for mvp,[],1
955150600941064192,2018-01-21 18:50:23,0,0,0,0.25,0.11382113821138211,1,"@StephaliciousD @BroadStHockey go Capitals! But not the bad Tom Wilson having ones, the @edcapitals https://t.co/fB1C7oGkXB",['https://t.co/fB1C7oGkXB'],1
955149637442293760,2018-01-21 18:46:34,3,0,0,0.25,0.12280701754385964,0,"RT @BroadStHockey: A great pass by Filppula, and an even better shot by Raffl.

1-0 Flyers https://t.co/kLkBTosWB8",['https://t.co/kLkBTosWB8'],1
955142793621622784,2018-01-21 18:19:22,1,1,0,0.25,0.023809523809523808,0,Refs really letting them play tonight much to the annoyance of the Capitals faithful,[],1
955141769812901891,2018-01-21 18:15:18,2,1,0,0.25,0.08333333333333333,0,Beskorowany is the reason this game is still 1-0 https://t.co/xt0UL1ZrSZ,['https://t.co/xt0UL1ZrSZ'],1
955141596940591104,2018-01-21 18:14:37,0,1,0,0.25,0.04918032786885246,0,"Podzins and Moisio out with Robertson now, that's interesting",[],1
955132858225643520,2018-01-21 17:39:53,121,0,0,0.25,0.32142857142857145,0,RT @NHLFlyers: #LetsGoFlyers,[],1
955132833059794944,2018-01-21 17:39:47,2,1,0,0.25,0.0297029702970297,0,The Sheffield goalie plays stand-up style which took me by surprise cause I haven't seen that in ages,[],1
954785403403415554,2018-01-20 18:39:13,1,1,0,0.25,0.10526315789473684,0,Couturier for Selke,[],1
952983937676120065,2018-01-15 19:20:50,0,2,0,0.25,0.05714285714285714,0,"@tamso1970 @ScottishJenbel @edcapitals @Mcr_Storm It's been amended
I've said Dundee because as a student I can only cover home matches üèí",[],1
952874105174413313,2018-01-15 12:04:24,0,1,0,0.25,0.061855670103092786,0,"@tamso1970 @ScottishJenbel @edcapitals @Mcr_Storm Yes it was indeed to Dundee, this will be fixed",[],1
952834236028989440,2018-01-15 09:25:59,9,0,0,0.25,0.08450704225352113,0,RT @officialEIHL: Details of which teams will qualify for which European competitions in 2018/19 have been added to the EIHL website: https‚Ä¶,[],1
952833911423426561,2018-01-15 09:24:41,2,2,0,0.25,0.08791208791208792,1,". @edcapitals win in thriller over @Mcr_Storm 
Read my recap here!

https://t.co/zljWWqsRFB",['https://t.co/zljWWqsRFB'],1
952827944900218880,2018-01-15 09:00:59,3,6,0,0.25,0.07865168539325842,0,"@edcapitals snap losing streak, win in thriller over @Mcr_Storm 

https://t.co/zljWWqsRFB",['https://t.co/zljWWqsRFB'],1
952800825545580544,2018-01-15 07:13:13,7,0,0,0.25,0.03676470588235294,0,RT @m_dorazio51: Thank you for all the kind messages. A great win for @edcapitals ... full team game. Fans were outstanding. #monthecaps,[],1
952637311023566854,2018-01-14 20:23:28,0,1,0,0.25,0.0,0,@melster1000 üòÇ,[],1
952636779999432704,2018-01-14 20:21:22,1,2,0,0.25,0.056338028169014086,0,Was wrong about Podzins. I'd say he's abover average with a keen ability to find scoring areas and stick himself th‚Ä¶ https://t.co/nodAwKO7QQ,['https://t.co/nodAwKO7QQ'],1
952636358698381312,2018-01-14 20:19:41,0,2,0,0.25,0.06521739130434782,0,He has now won me over https://t.co/jI0mmvyO5i,['https://t.co/jI0mmvyO5i'],1
952632875656122369,2018-01-14 20:05:51,1,1,0,0.25,0.046511627906976744,0,No way that's a major and misconduct from Grigors. I've seen bigger hits in Juniors...,[],1
952632246246273024,2018-01-14 20:03:21,0,1,0,0.25,0.1,0,New look line of Banahkov-Podzins-Moisio,[],1
952622494908846080,2018-01-14 19:24:36,0,0,0,0.25,0.02531645569620253,0,It's entertaining when Vorobyev decides to use his size advantage in his favour,[],1
952618049575751680,2018-01-14 19:06:56,1,3,0,0.25,0.036585365853658534,0,"Podzins scores on the powerplay to give Caps the lead...
Maybe he reads my tweets?",[],1
952615021988720640,2018-01-14 18:54:54,1,2,0,0.25,0.034482758620689655,0,Can...can someone explain to me how the Jaguars have put up 20 points unanswered against the Steelers in Pittsburgh?,[],1
952614411377762305,2018-01-14 18:52:29,1,3,0,0.25,0.03278688524590164,0,"Beskorowany:
A sizeable improvement over Shegalo. It's so apparent in his overall control of the net and his poise in goal",[],1
952614151603539968,2018-01-14 18:51:27,0,0,0,0.25,0.07042253521126761,0,"First impressions of Podzins and Moisio:
Passable, but I'm certainly not giving Podzins the role of first line Cent‚Ä¶ https://t.co/vizEU86omD",['https://t.co/vizEU86omD'],1
952606785499779073,2018-01-14 18:22:10,0,1,0,0.25,0.03529411764705882,0,"Vorobyev-Cazzola-Banashkov would be a killer line, just combined for a goal actually.",[],1
952586402734190593,2018-01-14 17:01:11,2,0,0,0.25,0.19760479041916168,1,"RT @officialEIHL: 1Ô∏è‚É£ HOUR TILL FACE OFF!
üèÜEIHL
üèí Edinburgh Capitals üÜö Manchester Storm
üï∞ 6pm
üìçMurrayfield
üéü https://t.co/qryqDD8Et2
üñ• http‚Ä¶",['https://t.co/qryqDD8Et2'],1
952586376708489216,2018-01-14 17:01:05,1,2,0,0.25,0.0641025641025641,1,Back at Murrayfield for another game! This time @edcapitals against @Mcr_Storm,[],1
952268827764674560,2018-01-13 19:59:15,1,2,0,0.25,0.4473684210526316,0,LETS GO EAGLES https://t.co/QmHInJAtwz,['https://t.co/QmHInJAtwz'],1
951064340907601920,2018-01-10 12:13:03,0,3,0,0.25,0.06557377049180328,0,Excited cause @RaleighRitchie just came on the radio at Bryon,[],1
950372304034451456,2018-01-08 14:23:09,0,1,0,0.25,0.08653846153846154,0,I'm more than prepared to jump on the @GoldenKnights bandwagon come playoff time https://t.co/eyHBUiIShQ,['https://t.co/eyHBUiIShQ'],1
949705439628886017,2018-01-06 18:13:16,1,0,0,0.25,0.4090909090909091,0,RT @BILLadelphia1: MVP,[],1
949705380724166657,2018-01-06 18:13:02,0,1,0,0.25,0.07317073170731707,0,@StephaliciousD Tyrell is too good for us,[],1
949090934062571521,2018-01-05 01:31:26,0,0,0,0.25,0.0851063829787234,0,@StephaliciousD how good did that TK goal feel?,[],1
949089216453120000,2018-01-05 01:24:37,0,0,0,0.25,0.06140350877192982,1,@edcapitals fans! Only a few more days until I'm back in the UK from break to cover the team with @TheStudentSport,[],1
949088936814694400,2018-01-05 01:23:30,4,0,0,0.25,0.05813953488372093,0,RT @BroadStHockey: *trying to catch breath because of all of these goals being scored*,[],1
949087506565402624,2018-01-05 01:17:49,0,0,0,0.25,0.025210084033613446,0,@charlieo_conn You know the thing Nolan does where he no look passes for an assist? Yeah let's have more of that please,[],1
948349222528671746,2018-01-03 00:24:08,0,1,0,0.25,0.0380952380952381,0,You can't pass the puck to a player on your team when an opponent is right in front of them Mr. MacDonald,[],1
948270501767647232,2018-01-02 19:11:20,5,0,0,0.25,0.08620689655172414,0,RT @edcapitals: Your Edinburgh Capitals line up for this evening's game vs Guildford Flames. https://t.co/cfaaNj6PF4,['https://t.co/cfaaNj6PF4'],1
947174551460438017,2017-12-30 18:36:25,10,0,0,0.25,0.1267605633802817,0,RT @edcapitals: Tomorrow it's HOGMANAY HOCKEY and the traditional end to the year for hockey fans. Come and cheer on the team including rec‚Ä¶,[],1
946947772049186818,2017-12-30 03:35:16,0,1,0,0.25,0.125,0,What even Flyers,[],1
946718275743907840,2017-12-29 12:23:20,28,0,0,0.25,0.06382978723404255,0,RT @edcapitals: Edinburgh Capitals have signed 25 year old Finnish forward Patrik Moisio and he will make his debut against Belfast Giants‚Ä¶,[],1
946559141895688192,2017-12-29 01:51:00,0,1,0,0.25,0.16666666666666666,0,Fire Hakstol,[],1
944605726093266945,2017-12-23 16:28:49,0,5,0,0.25,0.1875,1,4 lines! https://t.co/GNZmtOfTD5,['https://t.co/GNZmtOfTD5'],1
943966104073981953,2017-12-21 22:07:11,39,0,0,0.25,0.09859154929577464,0,"RT @edcapitals: Edinburgh Capitals have signed Canadian Netminder Tyler Beskorowany. Tyler is a former Dallas Stars draft pick, AHL starter‚Ä¶",[],1
943069602543755264,2017-12-19 10:44:49,1,1,0,0.25,0.09219858156028368,0,11 points in 81 games played in the KHL....I understand that the KHL is a quality league (2nd only to the NHL) but‚Ä¶ https://t.co/Kv8Yr2Hiw0,['https://t.co/Kv8Yr2Hiw0'],1
942876680816906243,2017-12-18 21:58:13,1,1,0,0.25,0.07142857142857142,0,"While shocking, not surprising. Their style of play never really changed despite the consistent losing https://t.co/IHfSEAXpA7",['https://t.co/IHfSEAXpA7'],1
942805562386997249,2017-12-18 17:15:37,0,0,0,0.25,0.0410958904109589,0,"Instead, try somebody fun and not boring like PK or literally anyone else",[],1
942805440706105344,2017-12-18 17:15:08,2,1,0,0.25,0.11764705882352941,0,Dear NHL please stop marketing Patrick Kane thanks.,[],1
941971935185063936,2017-12-16 10:03:04,1,4,0,0.25,0.034482758620689655,0,There's no way Branden Schenn is that good. I just can't see him as a top 10 point producer...please let me be right,[],1
941462999499526144,2017-12-15 00:20:45,1,4,0,0.25,0.36363636363636365,0,@StephaliciousD TRAVIS,[],1
940852487082397696,2017-12-13 07:54:47,1,3,0,0.25,0.09333333333333334,0,Statement from the @edcapitals regarding the season https://t.co/pLRbbS2LEV,['https://t.co/pLRbbS2LEV'],1
940677749697662976,2017-12-12 20:20:27,0,0,0,0.25,0.23076923076923078,0,@TheHockeyNews @RyanLMeyer,[],1
940677206078054400,2017-12-12 20:18:17,0,0,0,0.25,0.13157894736842105,0,@TheHockeyNews Eric Lindros hands down,[],1
940277615671365632,2017-12-11 17:50:27,0,1,0,0.25,0.4264705882352941,0,@StephaliciousD DONT SCARE ME LIKE THIS BILL https://t.co/qqLPqE1Ykq,['https://t.co/qqLPqE1Ykq'],1
940263077488070657,2017-12-11 16:52:41,0,1,0,0.25,0.12903225806451613,0,@StephaliciousD Steph I'm angry,[],1
940253653755101186,2017-12-11 16:15:14,2,2,0,0.25,0.11764705882352941,0,"https://t.co/YzDZKPjeyd

Capitals drop 4th straight",['https://t.co/YzDZKPjeyd'],1
940016910703489025,2017-12-11 00:34:30,0,1,0,0.25,0.10810810810810811,0,"@CapsPodcast As I cover the team, yes",[],1
939965861087105025,2017-12-10 21:11:39,0,1,0,0.25,0.08333333333333333,0,@JohnBarchard The Browns may actually win a game,[],1
939964228731011072,2017-12-10 21:05:10,1,8,0,0.25,0.04929577464788732,0,I honestly have no idea why the referees were so quick to tie up Kolesnikovs after that hit on Vorobyev. Let the ma‚Ä¶ https://t.co/k20uBT0M11,['https://t.co/k20uBT0M11'],1
939961896026992640,2017-12-10 20:55:54,0,0,0,0.25,0.01020408163265306,0,"@covblazehockey have the majority of the control now, let's hope the Capitals can turn that around",[],1
939954903413415937,2017-12-10 20:28:07,3,0,0,0.25,0.09090909090909091,0,RT @edcapitals: End of second 2-2,[],1
939949077902569472,2017-12-10 20:04:58,2,2,0,0.25,0.058823529411764705,0,Blatant high stick on Plews missed,[],1
939921899513155584,2017-12-10 18:16:58,1,1,0,0.25,0.13953488372093023,0,No D'Orazio tonight https://t.co/1xbodBHrKz,['https://t.co/1xbodBHrKz'],1
939895102402650112,2017-12-10 16:30:29,0,1,0,0.25,0.05825242718446602,0,Or at least the best offensive defenceman. No offence to Bobby Orr but I'd take Karlsson in a heartbeat,[],1
939894799162753024,2017-12-10 16:29:17,0,0,0,0.25,0.07092198581560284,1,"@NHLFlyers @Senators ""I know the solution to all of our problems! Let's trade possibly the best defenceman to ever‚Ä¶ https://t.co/RsrfjEgDda",['https://t.co/RsrfjEgDda'],1
939894377828225024,2017-12-10 16:27:36,0,0,0,0.25,0.06741573033707865,0,"Sometimes being a @NHLFlyers fan can be frustrating, but at least we aren't the @Senators",[],1
939893269839929344,2017-12-10 16:23:12,131,0,0,0.25,0.0967741935483871,0,RT @ZachBoychuk: Trade Karlsson that‚Äôs definitely the answer,[],1
939544310516723712,2017-12-09 17:16:34,0,2,0,0.25,0.05194805194805195,0,@StephaliciousD Please Hexyclaus we've been good boys and girls for 40+ years,[],1
939542799304847366,2017-12-09 17:10:33,0,3,0,0.25,0.0821917808219178,0,@StephaliciousD Maybe Santa will give us more Nolan minutes for Christmas,[],1
939127795753652225,2017-12-08 13:41:29,2,4,0,0.25,0.06451612903225806,0,Having a juniors/university system with a draft to EIHL or other development leagues would really benefit British Ice Hockey,[],1
937797155619733505,2017-12-04 21:33:59,0,0,0,0.25,0.061855670103092786,0,@akeller6702 @charlieo_conn @BroadStBull I guess they just trust Filp more? Not saying it's right,[],1
937795306489569282,2017-12-04 21:26:39,0,4,0,0.25,0.14285714285714285,0,The one and only @zerbanger13 in NHL 13 https://t.co/KxNDfyAutI,['https://t.co/KxNDfyAutI'],1
937770555951984644,2017-12-04 19:48:18,0,0,0,0.25,0.050505050505050504,0,@akeller6702 @charlieo_conn @BroadStBull Doesn't necessarily mean Patrick's ice time is getting cut,[],1
937449094095822849,2017-12-03 22:30:55,1,2,0,0.25,0.07692307692307693,0,"https://t.co/G7dmcMNuz2

Capitals fall to Fife, lose home at home",['https://t.co/G7dmcMNuz2'],1
937415107176534016,2017-12-03 20:15:52,1,1,0,0.25,0.03,0,Caps again been downed by their inability to effectively establish any kind of control in the O-Zone,[],1
937388260342497280,2017-12-03 18:29:11,0,0,0,0.25,0.041666666666666664,0,I was wrong it turns out,[],1
937384854718730241,2017-12-03 18:15:39,0,0,0,0.25,0.06338028169014084,0,Looks like Anderson and Cazzola swap on the top line. Cazzola playing wing with Anderson at C. Maybe to give Cazzol‚Ä¶ https://t.co/ws2l0Aqnhk,['https://t.co/ws2l0Aqnhk'],1
937378583294640128,2017-12-03 17:50:44,2,3,0,0.25,0.140625,0,Sure are a ton of Fife fans here tonight https://t.co/bVU6OIjXJZ,['https://t.co/bVU6OIjXJZ'],1
937318402481426432,2017-12-03 13:51:36,5,0,0,0.25,0.1592356687898089,2,"RT @edcapitals: ü•Ö üî• GAME DAY! ARE YOU READY?  üî• ü•Ö

Edinburgh Capitals face off against @FifeFlyers this evening!

ü¶Å Let's make some noise f‚Ä¶",[],1
937061419941617665,2017-12-02 20:50:26,0,0,0,0.25,0.12,0,The Flyers are a bad hockey team and this upsets me https://t.co/LKBv6F8WFU,['https://t.co/LKBv6F8WFU'],1
937026258558423041,2017-12-02 18:30:43,1,1,0,0.25,0.12903225806451613,0,"Boyd out, Robertson in on the 3rd line https://t.co/FhEVeJhjIK",['https://t.co/FhEVeJhjIK'],1
936191565269258241,2017-11-30 11:13:57,4,0,0,0.25,0.07042253521126761,0,RT @TheStudentSport: Slightly delayed but here it is: Your @DrewMeyerHockey report from the @edcapitals #eihl game last night: https://t.co‚Ä¶,['https://t.co\xe2\x80\xa6'],1
936190535802515456,2017-11-30 11:09:51,1,2,0,0.25,0.06172839506172839,0,"Caps couldn't hold on last night after taking a 2-0 lead

https://t.co/t7jxWZ7AO3",['https://t.co/t7jxWZ7AO3'],1
935964040446332930,2017-11-29 20:09:51,1,5,0,0.25,0.028169014084507043,0,"The @edcapitals really missed Vorobyev along the boards, visible impact",[],1
935963874452475910,2017-11-29 20:09:11,5,0,0,0.25,0.09859154929577464,0,RT @edcapitals: CAPITALS 2-0 Devils after one period with goals from Cazzola in the first minute and Valeyev mid way through the period...G‚Ä¶,[],1
935950741109342208,2017-11-29 19:17:00,0,0,0,0.25,0.0196078431372549,1,not many away fans tonight...presumably because it's a Wednesday and Wales is quite a while from here!,[],1
935949801316929542,2017-11-29 19:13:16,0,0,0,0.25,0.035211267605633804,0,"Stat - @edcapitals PK ranks 7th in the league at 76.6%, which is telling considering the amount of goals they let i‚Ä¶ https://t.co/vsNdq98cR6",['https://t.co/vsNdq98cR6'],1
935943880654155776,2017-11-29 18:49:44,1,1,0,0.25,0.056338028169014086,0,"Boyd and Vorobyev back in the team, Pavel rejoins Cazzola on the top line. Look for the Caps to try and establish t‚Ä¶ https://t.co/uR2F1g59x4",['https://t.co/uR2F1g59x4'],1
935491536082604032,2017-11-28 12:52:17,0,1,0,0.25,0.02857142857142857,0,at least the Eagles are really good,[],1
935078767172743168,2017-11-27 09:32:05,2,0,0,0.25,0.125,1,RT @edcapitals: @DrewMeyerHockey on the game last night! https://t.co/pBZsPljgBY,['https://t.co/pBZsPljgBY'],1
934909700193341440,2017-11-26 22:20:16,6,0,0,0.25,0.1267605633802817,2,"RT @TheStudentSport: .@edcapitals with another win! And @DrewMeyerHockey with a full game write-up plus notes! #EIHL 
https://t.co/gAaAKWwT‚Ä¶",['https://t.co/gAaAKWwT\xe2\x80\xa6'],1
934909335662223360,2017-11-26 22:18:50,2,6,0,0.25,0.09782608695652174,2,"The Capitals won today against the Dundee stars! Read all about it!

https://t.co/P5h3tK6BUR",['https://t.co/P5h3tK6BUR'],1
934898397529722880,2017-11-26 21:35:22,0,2,0,0.25,0.018018018018018018,0,@Matt_Journalist this has been the first time in my lifetime they've been this good. oh what a time to be alive,[],1
934897627958824960,2017-11-26 21:32:18,0,1,0,0.25,0.17142857142857143,0,@Matt_Journalist Go Birds Go Philly,[],1
934877158484439040,2017-11-26 20:10:58,1,1,0,0.25,0.0196078431372549,0,"impressed with Capitals powerplay today, though I do wish they would create some more chances at 5 v 5",[],1
934854392116805634,2017-11-26 18:40:30,0,1,0,0.25,0.0,0,what an absolute turnaround in this game by the @edcapitals,[],1
934844106957819906,2017-11-26 17:59:38,0,1,0,0.25,0.0,0,@johnwblabla that was my question exactly,[],1
934478012116099075,2017-11-25 17:44:54,1,1,0,0.25,0.09090909090909091,0,"Sticking with similar lines to last week's win, expected as much https://t.co/OSNhG7RNzB",['https://t.co/OSNhG7RNzB'],1
934187503103430657,2017-11-24 22:30:31,0,0,0,0.25,0.044444444444444446,0,The Flyers are either scary good or scary bad,[],1
934184108435099649,2017-11-24 22:17:02,0,0,0,0.25,0.5,0,CHOO CHOO Y'ALL @BroadStHockey,[],1
934183968139829253,2017-11-24 22:16:28,6,0,0,0.25,0.06338028169014084,0,"RT @avappleyard: Nolan Patrick has been immense tonight.

Got feeling @NHLFlyers fans will be seeing a lot of nights like this from him ove‚Ä¶",[],1
934183941338169344,2017-11-24 22:16:22,92,0,0,0.25,0.23809523809523808,1,RT @NHLFlyers: GOAL! Simmer gives us the 2-1 lead. #NYIvsPHI https://t.co/modmAXx6Vc,['https://t.co/modmAXx6Vc'],1
934170976346169344,2017-11-24 21:24:51,0,1,0,0.25,0.07446808510638298,0,"My word Nolan Patrick is such a good passer, and Martel is quite a feisty player #LetsGoFlyers",[],1
934089823857577985,2017-11-24 16:02:23,15,0,0,0.25,0.14084507042253522,0,RT @BleedingGreen: Eagles DE Vinny Curry named NFLPA Community MVP for providing Thanksgiving meals to 200 families in need https://t.co/7K‚Ä¶,['https://t.co/7K\xe2\x80\xa6'],1
933357028797501440,2017-11-22 15:30:31,19,0,0,0.25,0.08450704225352113,1,RT @BroadStHockey: They did a thing! Samuel Morin and Danick Martel are on the Flyers and will presumably play tonight in Brooklyn: https:/‚Ä¶,[],1
932652178191331328,2017-11-20 16:49:41,1,3,0,0.25,0.0963855421686747,0,D'Orazio making a difference...easily noticeable last night https://t.co/mRFINxqzTK,['https://t.co/mRFINxqzTK'],1
932651667794939910,2017-11-20 16:47:40,0,0,0,0.25,0.125,0,this is good...very good https://t.co/ddFvTHIgYZ,['https://t.co/ddFvTHIgYZ'],1
932392281214201856,2017-11-19 23:36:57,2,5,0,0.25,0.06097560975609756,1,The Capitals won tonight! Check out my article on the game https://t.co/3KfmoUwgw7,['https://t.co/3KfmoUwgw7'],1
932360159464128512,2017-11-19 21:29:19,1,3,0,0.25,0.1111111111111111,0,#official #pressbadge https://t.co/t4VdEAiHnU,['https://t.co/t4VdEAiHnU'],1
932339277064785920,2017-11-19 20:06:20,2,2,0,0.25,0.02,1,what a breakaway move from Banashkov! This game today has just been a statement from the @edcapitals,[],1
932334691713257474,2017-11-19 19:48:07,2,2,0,0.25,0.06338028169014084,0,"Despite losing the shot battle, Caps just look outright dominant. Most noticeable difference is defensive positioni‚Ä¶ https://t.co/IIFb4OsS5V",['https://t.co/IIFb4OsS5V'],1
932328808342007812,2017-11-19 19:24:44,1,1,0,0.25,0.02608695652173913,0,I was wrong about putting Vorobyev on the second line. It's worked wonderfully for that line in terms of possession,[],1
932328598652030976,2017-11-19 19:23:54,1,0,0,0.25,0.16483516483516483,0,RT @TheStudentSport: Looking like a strong response (finally) #EIHL https://t.co/TicGZjzaMQ,['https://t.co/TicGZjzaMQ'],1
932320679126593537,2017-11-19 18:52:26,3,3,0,0.25,0.056338028169014086,0,"Edinburgh really playing like a team with purpose tonight, perhaps boosted by the return of captain D'Orazio. 1-0 u‚Ä¶ https://t.co/O9PULxlxxT",['https://t.co/O9PULxlxxT'],1
932305516646330373,2017-11-19 17:52:11,1,2,0,0.25,0.12280701754385964,0,Almost game time against Coventry https://t.co/U4VvTX1rpV,['https://t.co/U4VvTX1rpV'],1
932248555695345666,2017-11-19 14:05:50,1,1,0,0.25,0.09090909090909091,0,This guy looked good when I saw him play in Edinburgh https://t.co/xvjhVK6yYA,['https://t.co/xvjhVK6yYA'],1
932001422723485697,2017-11-18 21:43:49,0,0,0,0.25,0.06451612903225806,0,@frank_seravalli @MapleLeafs Something about Tim Horton's but I'm too lazy to think of a joke,[],1
931997913257009152,2017-11-18 21:29:52,2,4,0,0.25,0.0759493670886076,0,Great article by @Matt_Journalist about Caps' struggles https://t.co/n3jacGM8r3,['https://t.co/n3jacGM8r3'],1
931969346242478083,2017-11-18 19:36:21,61,0,0,0.25,0.5688073394495413,1,RT @BroadStHockey: NOLAN PATRICK PUTS THE FLYERS ON TOP WITH HIS 2ND CAREER NHL GOAL! https://t.co/JN66V0XV2b,['https://t.co/JN66V0XV2b'],1
931969223521456130,2017-11-18 19:35:52,2,3,0,0.25,0.08421052631578947,0,That Nolan Patrick goal made me giggle with delight like a child @BroadStHockey @StephaliciousD,[],1
931967544361091072,2017-11-18 19:29:12,0,0,0,0.25,0.09401709401709402,0,"@CapsTillWeDie Laughing at seeing Jay Rosehill's name again, he played for my PHL Flyers around the early 2010's üòÇ",[],1
931962657665638401,2017-11-18 19:09:47,0,0,0,0.25,0.17647058823529413,1,"@NBCSPhilly streaming from Edinburgh, Scotland! #LetsGoFlyers https://t.co/Mh7rVpQUtO",['https://t.co/Mh7rVpQUtO'],1
931954535991529473,2017-11-18 18:37:30,0,1,0,0.25,0.07142857142857142,0,Interesting to see D'Orazio back in the lineup. But...give me one good reason why Shegalo is in net??? https://t.co/T0BoptWjUf,['https://t.co/T0BoptWjUf'],1
931891231679946752,2017-11-18 14:25:57,1,1,0,0.25,0.08823529411764706,1,Hoping they can finally get in the W column! https://t.co/QkHyAul9Ek,['https://t.co/QkHyAul9Ek'],1
931813144896434176,2017-11-18 09:15:40,10,0,0,0.25,0.13986013986013987,0,"RT @edcapitals: INJURY UPDATE: D‚ÄôOrazio will be back alongside Banashkov, and Anderson this weekend. Boyd is out, game day decision on Jay‚Ä¶",[],1
931241553158434816,2017-11-16 19:24:22,2,0,0,0.25,0.22297297297297297,1,"RT @edcapitals: ü¶Å NEXT HOME GAME THIS SUNDAY  ü¶Å

Edinburgh Capitals welcome @covblazehockey into the Lions den!

Let's roar YOUR Capitals o‚Ä¶",[],1
931241149377011712,2017-11-16 19:22:46,1,0,0,0.25,0.07874015748031496,0,RT @edcapitals: üéû For all the latest updates from Caps TV subscribe to our official YouTube channel. https://t.co/ea1yaKoPvv,['https://t.co/ea1yaKoPvv'],1
930432163744505856,2017-11-14 13:48:09,0,0,0,0.25,0.08695652173913043,0,"@CapsTillWeDie Yes, this is an ideal scenario, in reality only the NHL does this effectively",[],1
930431288934354945,2017-11-14 13:44:40,0,3,0,0.25,0.07042253521126761,0,"+/- isn't a very good indicator of talent though...wish EIHL did advanced stats, would want to see Corsi results wi‚Ä¶ https://t.co/DbIL7LcG8z",['https://t.co/DbIL7LcG8z'],1
930371535302471680,2017-11-14 09:47:14,0,1,0,0.25,0.1111111111111111,0,So wholesome https://t.co/oH8tpN7tiF,['https://t.co/oH8tpN7tiF'],1
930366219877867520,2017-11-14 09:26:06,1,1,0,0.25,0.04950495049504951,0,"Defenceman is really what the Caps need now, interested to see how he fits in https://t.co/Son1iWelXz",['https://t.co/Son1iWelXz'],1
930184740543528960,2017-11-13 21:24:58,0,1,0,0.25,0.35135135135135137,0,@EdCapsSC Andrew MacDonald @RMEYER122,[],1
929834068845453312,2017-11-12 22:11:32,1,1,0,0.25,0.07042253521126761,0,"If there is any message to take away after the weekend games, it's that the Caps really do need the home crowd. Str‚Ä¶ https://t.co/i5QIWMKJ8T",['https://t.co/i5QIWMKJ8T'],1
929819742008954880,2017-11-12 21:14:36,0,0,0,0.25,0.03571428571428571,0,Caps can't seem to buy a win,[],1
929819522420412419,2017-11-12 21:13:44,2,5,0,0.25,0.25,1,"Oh boy an NHL article! 

https://t.co/P3XPuGFJML",['https://t.co/P3XPuGFJML'],1
929466197753638912,2017-11-11 21:49:44,1,1,0,0.25,0.022222222222222223,0,"It's unfortunate because in the last two games, the Capitals looked like they were at least in it. Tonight however they stood no chance",[],1
929465475989458945,2017-11-11 21:46:52,2,2,0,0.25,0.06451612903225806,0,Oh dear https://t.co/73gpyTwavo,['https://t.co/73gpyTwavo'],1
928969915092135937,2017-11-10 12:57:41,1,1,0,0.25,0.1015625,0,It's a shame...I liked Islamov on that line with @CallumBoyd93 and Valeev. Best of luck to you Alexander https://t.co/zbMaZDnWaC,['https://t.co/zbMaZDnWaC'],1
928952245160378370,2017-11-10 11:47:29,1,0,0,0.25,0.15862068965517243,0,"RT @edcapitals: COMPETITION on our FB Page
üì≤ https://t.co/nkEMhB2zua 

Get a chance to WIN tickets to the game v @covblazehockey on the 19t‚Ä¶",['https://t.co/nkEMhB2zua'],1
928402802069696513,2017-11-08 23:24:11,10,0,0,0.25,0.11724137931034483,3,"RT @edcapitals: @CallumBoyd93 practising some tricks earlier today üèí
I DARE YOU Challenge #RockTheDen

Best video wins a prize!!! https://t‚Ä¶",['https://t\xe2\x80\xa6'],1
927953667264741376,2017-11-07 17:39:29,1,2,0,0.25,0.035211267605633804,1,"Twitter followers! I'll be doing a q/a video sometime in the next week, so please reply to this tweet with question‚Ä¶ https://t.co/wnJEl9Lc3a",['https://t.co/wnJEl9Lc3a'],1
927843607364734977,2017-11-07 10:22:09,1,1,0,0.25,0.09278350515463918,0,"So basically they're going in line with the NHL, which means slower games https://t.co/VYLxQXr1x5",['https://t.co/VYLxQXr1x5'],1
927675886471663616,2017-11-06 23:15:41,805,0,0,0.25,0.13513513513513514,1,"RT @NHLJets: We want your help to name our new security puppy!
 
Will it be Benny, Ducky, Lenny/Kroppy or Scout?
 
VOTE NOW &gt;&gt; https://t.co‚Ä¶",['https://t.co\xe2\x80\xa6'],1
927608109589295114,2017-11-06 18:46:22,0,0,0,0.25,0.12857142857142856,0,@RMEYER122 interested to hear your thoughts... https://t.co/yttSrJox8X,['https://t.co/yttSrJox8X'],1
927607243444506624,2017-11-06 18:42:55,1,1,0,0.25,0.05555555555555555,0,Don't really understand why... https://t.co/opzHgjolLx,['https://t.co/opzHgjolLx'],1
927534687832207360,2017-11-06 13:54:36,1,1,0,0.25,0.08450704225352113,0,"It's not as if the powerplay has LOOKED bad, good ideas there just not the best execution on some of the passes the‚Ä¶ https://t.co/kCafcCmDSL",['https://t.co/kCafcCmDSL'],1
927289721587404801,2017-11-05 21:41:12,1,2,0,0.25,0.08823529411764706,1,@amarieb1965 Thank you Anne Marie!,[],1
927200756876406787,2017-11-05 15:47:41,1,0,0,0.25,0.08163265306122448,1,"RT @edcapitals: Happy Birthday to our Caps TV commentator and interviewer Daniel Ferguson (@FergusonDan) üéÇüçª
We hope you‚Äôve had a great day!",[],1
927143533093576704,2017-11-05 12:00:18,1,5,0,0.25,0.1095890410958904,0,"My observations of last night's loss to Braehead

https://t.co/DNF2siBlWV",['https://t.co/DNF2siBlWV'],1
927143214850760705,2017-11-05 11:59:02,3,0,0,0.25,0.10743801652892562,0,RT @TheStudentSport: .@DrewMeyerHockey caught the @edcapitals game last night here is his report: https://t.co/bvvuVAKLLl,['https://t.co/bvvuVAKLLl'],1
926938381606584320,2017-11-04 22:25:06,0,1,0,0.25,0.06896551724137931,0,@CapsTillWeDie To be fair Vorobyev's presence on LW has looked like it's helping the line drive play into the o-zone,[],1
926925565671759872,2017-11-04 21:34:10,2,2,0,0.25,0.06338028169014084,0,"When asked about where to go from here, Mike Cazzola told me the Caps need to start ""playing together""...makes me t‚Ä¶ https://t.co/iGZ20JxzRS",['https://t.co/iGZ20JxzRS'],1
926925344111824896,2017-11-04 21:33:18,2,0,0,0.25,0.2054794520547945,0,"RT @officialEIHL: RESULT: CAPITALS 2 CLAN 5

Braehead end four-game losing streak with win at Edinburgh

‚û°Ô∏è https://t.co/YLDBctg3oq https:/‚Ä¶",['https://t.co/YLDBctg3oq'],1
926892280790822914,2017-11-04 19:21:55,0,1,0,0.25,0.022988505747126436,0,"Very poor defensive awareness by the Caps on the goal just now, been a theme all period",[],1
926890718752313345,2017-11-04 19:15:42,0,1,0,0.25,0.08108108108108109,0,"*above ppg player, in the OHL as well",[],1
926889981355937792,2017-11-04 19:12:46,1,1,0,0.25,0.05511811023622047,0,"Cazzola's cross ice pass to Vorobyev shows you why he was a point per game player in the ECHL, real good vision by the Canadian",[],1
926889797003763713,2017-11-04 19:12:03,2,0,0,0.25,0.08823529411764706,0,RT @edcapitals: Gooooaaaalllll 2-2,[],1
926882099822460928,2017-11-04 18:41:27,1,1,0,0.25,0.034482758620689655,0,"Fiesty end to the period there, pen called on Braehead at 20:00 so Caps start with a pp",[],1
926875569869991937,2017-11-04 18:15:31,1,1,0,0.25,0.0,0,"19 - 14 - 42 been strong early, very good shift to generate zone entry",[],1
926864702453448704,2017-11-04 17:32:20,1,1,0,0.25,0.1111111111111111,0,Braehead v Capitals warming up https://t.co/jkBYDrq30T,['https://t.co/jkBYDrq30T'],1
926853772294459392,2017-11-04 16:48:54,2,0,0,0.25,0.20168067226890757,1,"RT @edcapitals: Its GAME DAY!
üèÜEIHL
üèíEC vs Braehead Clan
üï†Face off 6.00PM

#monthecaps https://t.co/bxAHoN9w05",['https://t.co/bxAHoN9w05'],1
926794993221615616,2017-11-04 12:55:20,7,0,0,0.25,0.1935483870967742,3,"RT @edcapitals: üî• GAME DAY! ARE YOU READY? üî•

We face @BraeheadClan this evening!

Make noise for YOUR Edinburgh Capitals!

‚è±Ô∏è 6pm
üéü https:‚Ä¶",[],1
925834180885442560,2017-11-01 21:17:24,3,0,0,0.25,0.19480519480519481,2,"RT @edcapitals: üèí NEXT HOME GAME SATURDAY üèí

We face Scottish rivals @BraeheadClan !

See you there Caps Fans!
üìÖ 4th November 6pm
üéü https:/‚Ä¶",[],1
925620348552404992,2017-11-01 07:07:42,73,0,0,0.25,0.19863013698630136,2,"RT @edcapitals: When you‚Äôre challenged NEVER lie down, work harder play harder! We are!
#THIS #is #a #PROMOVIDEO
üéü https://t.co/NAylMplWYG‚Ä¶",['https://t.co/NAylMplWYG\xe2\x80\xa6'],1
925443647268642816,2017-10-31 19:25:34,5,0,0,0.25,0.18831168831168832,1,"RT @edcapitals: ü•Ö NEXT HOME GAME SATURDAY ü•Ö

We welcome @BraeheadClan to @MurrayfieldRink this Saturday!

 üìÖ 4th November 6pm
 üéü https://t.‚Ä¶",['https://t.\xe2\x80\xa6'],1
925052659354259456,2017-10-30 17:31:55,17,0,0,0.25,0.034722222222222224,0,RT @edcapitals: Did you know last night was @harryferguson4 ‚Äòs first pro goal and @calyrobo20 is our youngest point scorer in the Elite Lea‚Ä¶,[],1
925025755423264770,2017-10-30 15:45:00,4,0,0,0.25,0.12790697674418605,0,RT @edcapitals: Recap of last night's game by @DrewMeyerHockey https://t.co/TLKOSc5uc6,['https://t.co/TLKOSc5uc6'],1
924941181842284545,2017-10-30 10:08:56,1,1,0,0.25,0.08602150537634409,0,Here is my recap of last night's game between the Giants and Capitals https://t.co/L8vC7TavPE,['https://t.co/L8vC7TavPE'],1
924932987472445440,2017-10-30 09:36:23,1,1,0,0.25,0.11538461538461539,1,"https://t.co/hwPsdVNfCY

I also write about the NHL, please do give it a read!",['https://t.co/hwPsdVNfCY'],1
924781074709991424,2017-10-29 23:32:44,1,1,0,0.25,0.11627906976744186,0,Thank you very much https://t.co/qbaIJWUpx0,['https://t.co/qbaIJWUpx0'],1
924742021016903680,2017-10-29 20:57:33,7,0,0,0.25,0.06382978723404255,0,RT @Eastyboy13: Unreal effort tonight @edcapitals deserved more out that game...every player gave 110%...@JordanM_31 outstanding buddy MOM‚Ä¶,[],1
924741990054596608,2017-10-29 20:57:25,5,0,0,0.25,0.14084507042253522,0,"RT @EIHLMagazine: Results
Blaze 2 Panthers 3
Lightning 3 Storm 2
Steelers 6 Clan 0
Capitals 3 Giants 4
Flames v Stars abandoned
Flyers 3 De‚Ä¶",[],1
924741943246163969,2017-10-29 20:57:14,18,0,0,0.25,0.02112676056338028,0,RT @m_dorazio51: @edcapitals fans unbelievable support. Through thick and thin yous are with us all the way 1 of the most loyal fan bases a‚Ä¶,[],1
924730791015469056,2017-10-29 20:12:55,0,1,0,0.25,0.08450704225352113,0,Capitals have made a habit of scoring just AFTER the power play expires,[],1
924730699889995776,2017-10-29 20:12:34,2,0,0,0.25,0.08108108108108109,0,RT @edcapitals: Gooooooaaaaalllll 3-3,[],1
924729703054835712,2017-10-29 20:08:36,0,0,0,0.25,0.05405405405405406,0,This is a key powerplay for Edinburgh,[],1
924724697778085889,2017-10-29 19:48:43,1,1,0,0.25,0.03007518796992481,0,imo Cazzola (#13) has been the Capitals best player. Drives play and creates a lot of zone entries. Cycle seems to operate around him,[],1
924719435797139459,2017-10-29 19:27:48,0,0,0,0.25,0.024691358024691357,0,"Interesting to see this next powerplay, looked dangerous all night Edinburgh have",[],1
924714233144766464,2017-10-29 19:07:08,1,0,0,0.25,0.04938271604938271,0,"Both PKs have looked strong tonight, though Capitals pp has looked more dangerous",[],1
924705883266969605,2017-10-29 18:33:57,1,0,0,0.25,0.034782608695652174,0,"Tvrdon with possibly the chance of the game on the pp, shot whistles just over the net and out of play 
#MonTheCaps",[],1
924705051972718593,2017-10-29 18:30:39,1,1,0,0.25,0.030303030303030304,0,71-13-81 look like a very dangerous line for the Caps. Kept consistent pressure in the Belfast zone,[],1
924704863631572992,2017-10-29 18:29:54,3,0,0,0.25,0.04918032786885246,4,RT @edcapitals: Gooooooaaaaalllll caps pull it back level!!!!,[],1
924699402756816898,2017-10-29 18:08:12,0,0,0,0.25,0.03125,0,Two goals early from Belfast have them up 2-0 with 3 mins played,[],1
924690113191448576,2017-10-29 17:31:17,1,0,0,0.25,0.07246376811594203,0,RT @edcapitals: Teams are out on the ice for warmups @MurrayfieldRink,[],1
924688397964382213,2017-10-29 17:24:28,0,2,0,0.25,0.2,0,Teams warming up https://t.co/TMuFmNXHG0,['https://t.co/TMuFmNXHG0'],1
924678433543741441,2017-10-29 16:44:52,1,1,0,0.25,0.140625,0,Ice looking good at Murrayfield Ice Rink https://t.co/VER1FSq884,['https://t.co/VER1FSq884'],1
924669037430362115,2017-10-29 16:07:32,0,0,0,0.25,0.060240963855421686,0,"@charlieo_conn Imo Shipachyov belongs in the NHL somewhere, hoping he gets a chance",[],1
924638681763385344,2017-10-29 14:06:55,8,0,0,0.25,0.09523809523809523,1,"RT @edcapitals: üé• CAPS TV: Webcast vs @BelfastGiants

Can't make tonight‚Äôs game? You can watch online!

Book your webcast here:
https://t.c‚Ä¶",['https://t.c\xe2\x80\xa6'],1
924626534765342720,2017-10-29 13:18:39,2,0,0,0.25,0.18548387096774194,0,"RT @officialEIHL: PREVIEW: Edinburgh Capitals vs Belfast Giants (6pm)
‚û°Ô∏è https://t.co/FwA7uyaMSE https://t.co/0va9ss8jyR","['https://t.co/FwA7uyaMSE', 'https://t.co/0va9ss8jyR']",1
924605751095644160,2017-10-29 11:56:04,3,0,0,0.25,0.08441558441558442,1,"RT @edcapitals: üíÄ GAME DAY üíÄ

Its been a long week, so costumes on, and lets enjoy a fun Halloween game vs @BelfastGiants !

 üïï6pm
üéü https:‚Ä¶",[],1
924602412098310144,2017-10-29 11:42:47,0,0,0,0.25,0.04225352112676056,0,"Capitals go into tonights game after taking a heavy 9-0 loss against Manchester, look to rebound against Belfast, w‚Ä¶ https://t.co/naRrHwaviQ",['https://t.co/naRrHwaviQ'],1
